,PIGD,UPO_part2_tot,UPO_part3_tot,UPO27,UPO15,UPO_part4_tot,STROOPW,MMSE_tot,IQCODE_mean,STROOPC,MCI_15SD_MDScriteria,madrs10,madrs_tot,npi8hi,pdss02,pdss_tot,epwo6,URINDYS,CONSTIPAT,PressStand_Dia,SEON,fss2,fss_sum,fss5,sf36pf,sf36pcs,PHYFUN,HYON
PIGD,1.0,-0.32041765721675686,-0.2985693862161525,-0.4865455297789445,-0.5992237413766702,-0.181442636881407,0.3030627318256262,0.22376357603874455,-0.23536682081741703,0.27164749583334,-0.2678930320688883,-0.09853300563668527,-0.12820383216593026,-0.05689248789016515,0.027434333874647474,0.14612982366112584,-0.12178162338370067,-0.3341943274013733,-0.19581514910016265,0.17112161419060798,0.4645649462753423,-0.1947104190435486,-0.21953586701594247,-0.2290827895236816,0.4515336476650789,0.4115020112342303,0.44159958523369564,-0.43712494721140505
UPO_part2_tot,-0.32041765721675686,1.0,0.6573110894747713,0.6496252669396795,0.613432494416474,0.10768930083516515,-0.35633721040829447,-0.30171393071879843,0.34098466759698626,-0.3908707662813447,0.39650424551368274,0.1395990364616194,0.31426566769360575,0.056947142665761036,-0.07313341438487182,-0.10628419957111937,0.12371570620064504,0.20066967830931476,0.2410354845997897,-0.0972903191031573,-0.6463383952959157,0.15241172788101426,0.22454416988333475,0.1319909500677563,-0.47605613661379187,-0.39530418885883767,-0.470190089437385,0.6167730068529979
UPO_part3_tot,-0.2985693862161525,0.6573110894747713,1.0,0.6700515994151486,0.6201478953970369,-0.00615395110709413,-0.6156998083815121,-0.5255525773817844,0.4885386735954544,-0.5952525379299084,0.6023855767588439,0.23995525151024275,0.363694906057642,0.13122755536926178,-0.0640792114618911,-0.05656137330868759,0.21360977533035333,0.2896107304332381,0.3497935529831374,-0.1755244194475844,-0.8140844484809195,0.08506205255595722,0.14465602963387317,0.11572588560171204,-0.40290293798185567,-0.25980229277145467,-0.40119292141102153,0.8252137084514609
UPO27,-0.4865455297789445,0.6496252669396795,0.6700515994151486,1.0,0.8526737401441911,0.03116749580921342,-0.47070349297165043,-0.4425741748059517,0.43851823087983394,-0.4485615227641894,0.5224615687207621,0.25955814914380254,0.2574503469108407,0.07489912155902965,-0.019931282844571754,-0.07297904523960716,0.15389586511137207,0.30821000997446785,0.242172707903512,-0.14158429121449248,-0.8128225225815829,0.21005415473460654,0.23322122075229862,0.19642174713896998,-0.5846610303872462,-0.429652933900901,-0.5777418700891133,0.786283935367349
UPO15,-0.5992237413766702,0.613432494416474,0.6201478953970369,0.8526737401441911,1.0,0.10354821380846334,-0.478150173734124,-0.4125011575372542,0.43306421755754254,-0.42091210253765704,0.533833632424265,0.22105404650292473,0.28910469538638667,0.11351290672241492,-0.09227889118635678,-0.12385029366711216,0.14408688826919053,0.35518726948253837,0.21378160356429965,-0.13654161051028554,-0.8016923050552411,0.20147697330416156,0.20179459385618678,0.19945576322934006,-0.6315083327387316,-0.4842522935173762,-0.6262952848556559,0.7532973691200362
UPO_part4_tot,-0.181442636881407,0.10768930083516515,-0.00615395110709413,0.03116749580921342,0.10354821380846334,1.0,0.06662649496800493,-0.001957013858150711,0.030150853344342945,0.03510916149612179,-0.0007816043192755095,0.25482755966839904,0.3082865145181135,0.04501536620310236,-0.1641509876242883,-0.4817351360530477,0.1467541298960904,0.09614368514640648,0.0574154692512222,-0.18668218047265173,-0.07914544997955288,0.15839908051305196,0.23406118105176035,0.3137526785380317,-0.162513090048339,-0.3122940396445355,-0.16292599563474905,0.06833649012478103
STROOPW,0.3030627318256262,-0.35633721040829447,-0.6156998083815121,-0.47070349297165043,-0.478150173734124,0.06662649496800493,1.0,0.6710026773774611,-0.5592294703893231,0.8563133884105987,-0.7116130242632899,-0.06460063266490391,-0.19289054295856872,-0.15259769714995844,-0.028661189952791134,-0.04110254554101095,-0.16382331178809914,-0.25340635247558857,-0.2620812581640167,0.2637587260510183,0.6152906992963335,-0.1013991157897404,-0.0686367908658773,-0.0455193729091414,0.35743771125630946,0.20566141231106558,0.36296738762395997,-0.576393644557067
MMSE_tot,0.22376357603874455,-0.30171393071879843,-0.5255525773817844,-0.4425741748059517,-0.4125011575372542,-0.001957013858150711,0.6710026773774611,1.0,-0.6659036139728702,0.6722545666497027,-0.7907733066551353,-0.1728442045523367,-0.2610538277972273,-0.17517320749267826,-0.03900857307666798,-0.10089017897918291,-0.195669013189003,-0.15041278552426346,-0.2913596966349444,0.2290064381291017,0.6070347986912012,-0.017852708847958195,0.052689196007227324,0.06284328897249979,0.22926268412677267,0.10432192443224156,0.23326961377226477,-0.5173791114084191
IQCODE_mean,-0.23536682081741703,0.34098466759698626,0.4885386735954544,0.43851823087983394,0.43306421755754254,0.030150853344342945,-0.5592294703893231,-0.6659036139728702,1.0,-0.5980069273737993,0.7331878752937603,0.11173207568020939,0.2922429893212256,0.35827214908014676,0.04481883511800835,0.020003878304487764,0.19139878682695238,0.25850129332890837,0.2993705229928644,-0.16020941341542036,-0.5683819728324806,0.055347555333923666,0.07805138081349575,0.006375618869919172,-0.3245802030672906,-0.1748053479750091,-0.33092314897003533,0.5060069233466987
STROOPC,0.27164749583334,-0.3908707662813447,-0.5952525379299084,-0.4485615227641894,-0.42091210253765704,0.03510916149612179,0.8563133884105987,0.6722545666497027,-0.5980069273737993,1.0,-0.7320696198888048,-0.03315271505556829,-0.21282861034190004,-0.15372463245676915,-0.029127445362884547,-0.051189647549764135,-0.1481424053033938,-0.20845933583167453,-0.3113451203532718,0.24018490261262088,0.6072830983450087,-0.10435258273839541,-0.08143864888793739,-0.05055102004970999,0.37232206662740047,0.2379719762456689,0.37712736602188673,-0.5657311792143433
MCI_15SD_MDScriteria,-0.2678930320688883,0.39650424551368274,0.6023855767588439,0.5224615687207621,0.533833632424265,-0.0007816043192755095,-0.7116130242632899,-0.7907733066551353,0.7331878752937603,-0.7320696198888048,1.0,0.1406459450571172,0.23281089758456935,0.18724756082029795,0.03094076120028665,0.05942855591089779,0.18809739880841936,0.2151461336373068,0.3602535415662319,-0.2415753199958659,-0.6930348284901264,0.03658119842744109,0.016275413292995568,0.015123575582158252,-0.29971194960805686,-0.16209046281504513,-0.30700894586215893,0.5757635396729988
madrs10,-0.09853300563668527,0.1395990364616194,0.23995525151024275,0.25955814914380254,0.22105404650292473,0.25482755966839904,-0.06460063266490391,-0.1728442045523367,0.11173207568020939,-0.03315271505556829,0.1406459450571172,1.0,0.49115127215483584,0.1117772985549994,-0.18727920432204168,-0.3287882642013774,0.3110954701873713,0.11302975833351825,0.1348597683573342,-0.10485706538855158,-0.3186756566744997,0.1702977175836463,0.18689880914882967,0.23066846797554505,-0.09719205628395823,-0.09349836921647121,-0.09674662213773577,0.2792878827798241
madrs_tot,-0.12820383216593026,0.31426566769360575,0.363694906057642,0.2574503469108407,0.28910469538638667,0.3082865145181135,-0.19289054295856872,-0.2610538277972273,0.2922429893212256,-0.21282861034190004,0.23281089758456935,0.49115127215483584,1.0,0.12694971117673942,-0.28596982069145677,-0.4891679275174286,0.32185655737079416,0.2028987476206603,0.24614459387174828,-0.07957243662437596,-0.40896498973745177,0.26223569600714236,0.4070813948899315,0.3624742658125869,-0.3862591690134266,-0.3820453923781545,-0.3891430519377681,0.3706262612180456
npi8hi,-0.05689248789016515,0.056947142665761036,0.13122755536926178,0.07489912155902965,0.11351290672241492,0.04501536620310236,-0.15259769714995844,-0.17517320749267826,0.35827214908014676,-0.15372463245676915,0.18724756082029795,0.1117772985549994,0.12694971117673942,1.0,0.022239932851434798,-0.031211870941089535,0.29692950320550077,0.15298847063165624,0.17106165335291057,-0.017932882600149514,-0.1633806382058018,-0.01142391072448417,-0.02804321416512866,-0.003511744117922975,-0.07417892774065167,-0.010308712675928946,-0.0688334515016947,0.12718961584222457
pdss02,0.027434333874647474,-0.07313341438487182,-0.0640792114618911,-0.019931282844571754,-0.09227889118635678,-0.1641509876242883,-0.028661189952791134,-0.03900857307666798,0.04481883511800835,-0.029127445362884547,0.03094076120028665,-0.18727920432204168,-0.28596982069145677,0.022239932851434798,1.0,0.48346018118273987,-0.011311719787479446,-0.06961946370132219,-0.1356920188988631,0.1256341570958733,0.13303138002323933,-0.17650170609169716,-0.20168072671659343,-0.21465425022091275,0.09302311268396513,0.15965489961374615,0.09197441093851623,-0.14768042233101256
pdss_tot,0.14612982366112584,-0.10628419957111937,-0.05656137330868759,-0.07297904523960716,-0.12385029366711216,-0.4817351360530477,-0.04110254554101095,-0.10089017897918291,0.020003878304487764,-0.051189647549764135,0.05942855591089779,-0.3287882642013774,-0.4891679275174286,-0.031211870941089535,0.48346018118273987,1.0,-0.2670539266744404,-0.21111033016653408,-0.11860244283210639,0.05264229572197288,0.13374771131624805,-0.31548704842637065,-0.3761788589000532,-0.4050344607529605,0.259102255019419,0.38350778947953895,0.26465301052626516,-0.11895733468691067
epwo6,-0.12178162338370067,0.12371570620064504,0.21360977533035333,0.15389586511137207,0.14408688826919053,0.1467541298960904,-0.16382331178809914,-0.195669013189003,0.19139878682695238,-0.1481424053033938,0.18809739880841936,0.3110954701873713,0.32185655737079416,0.29692950320550077,-0.011311719787479446,-0.2670539266744404,1.0,0.19186699648867103,-0.028698695546882407,-0.1305227741461493,-0.2411941934104683,-0.0006938405461517726,-0.025641810239266156,-0.04184638074014227,-0.05187067133838583,-0.036607925099648206,-0.046590629458216,0.1929250487365389
URINDYS,-0.3341943274013733,0.20066967830931476,0.2896107304332381,0.30821000997446785,0.35518726948253837,0.09614368514640648,-0.25340635247558857,-0.15041278552426346,0.25850129332890837,-0.20845933583167453,0.2151461336373068,0.11302975833351825,0.2028987476206603,0.15298847063165624,-0.06961946370132219,-0.21111033016653408,0.19186699648867103,1.0,0.17040621445425075,-0.21427571187382638,-0.3487507147583879,0.20731090487270792,0.2424476836398801,0.3141364922385888,-0.3891576852058187,-0.3531405068576936,-0.394037884652514,0.3482990584557413
CONSTIPAT,-0.19581514910016265,0.2410354845997897,0.3497935529831374,0.242172707903512,0.21378160356429965,0.0574154692512222,-0.2620812581640167,-0.2913596966349444,0.2993705229928644,-0.3113451203532718,0.3602535415662319,0.1348597683573342,0.24614459387174828,0.17106165335291057,-0.1356920188988631,-0.11860244283210639,-0.028698695546882407,0.17040621445425075,1.0,-0.2005479118604828,-0.3584096127518767,0.09351767717784788,0.09001027473346614,0.06787276058414794,-0.24985859789016107,-0.2068660013579864,-0.2564865447074677,0.3775783505631664
PressStand_Dia,0.17112161419060798,-0.0972903191031573,-0.1755244194475844,-0.14158429121449248,-0.13654161051028554,-0.18668218047265173,0.2637587260510183,0.2290064381291017,-0.16020941341542036,0.24018490261262088,-0.2415753199958659,-0.10485706538855158,-0.07957243662437596,-0.017932882600149514,0.1256341570958733,0.05264229572197288,-0.1305227741461493,-0.21427571187382638,-0.2005479118604828,1.0,0.2054800035761075,-0.12152631807441266,-0.09219265605858801,-0.1904243978744695,0.23460979508660562,0.22092882733006194,0.22672919312315074,-0.22939396463905207
SEON,0.4645649462753423,-0.6463383952959157,-0.8140844484809195,-0.8128225225815829,-0.8016923050552411,-0.07914544997955288,0.6152906992963335,0.6070347986912012,-0.5683819728324806,0.6072830983450087,-0.6930348284901264,-0.3186756566744997,-0.40896498973745177,-0.1633806382058018,0.13303138002323933,0.13374771131624805,-0.2411941934104683,-0.3487507147583879,-0.3584096127518767,0.2054800035761075,1.0,-0.23026693079728952,-0.24299741584021264,-0.20906898492362852,0.53610208417913,0.4114336710219616,0.5325737679167902,-0.87963825358866
fss2,-0.1947104190435486,0.15241172788101426,0.08506205255595722,0.21005415473460654,0.20147697330416156,0.15839908051305196,-0.1013991157897404,-0.017852708847958195,0.055347555333923666,-0.10435258273839541,0.03658119842744109,0.1702977175836463,0.26223569600714236,-0.01142391072448417,-0.17650170609169716,-0.31548704842637065,-0.0006938405461517726,0.20731090487270792,0.09351767717784788,-0.12152631807441266,-0.23026693079728952,1.0,0.8267656691794352,0.7110267965397035,-0.48040699100611983,-0.524980928240168,-0.49509999912090097,0.20542807907778327
fss_sum,-0.21953586701594247,0.22454416988333475,0.14465602963387317,0.23322122075229862,0.20179459385618678,0.23406118105176035,-0.0686367908658773,0.052689196007227324,0.07805138081349575,-0.08143864888793739,0.016275413292995568,0.18689880914882967,0.4070813948899315,-0.02804321416512866,-0.20168072671659343,-0.3761788589000532,-0.025641810239266156,0.2424476836398801,0.09001027473346614,-0.09219265605858801,-0.24299741584021264,0.8267656691794352,1.0,0.9063742549825959,-0.5883185645455111,-0.6432136878512166,-0.6001093158403265,0.24707204654712683
fss5,-0.2290827895236816,0.1319909500677563,0.11572588560171204,0.19642174713896998,0.19945576322934006,0.3137526785380317,-0.0455193729091414,0.06284328897249979,0.006375618869919172,-0.05055102004970999,0.015123575582158252,0.23066846797554505,0.3624742658125869,-0.003511744117922975,-0.21465425022091275,-0.4050344607529605,-0.04184638074014227,0.3141364922385888,0.06787276058414794,-0.1904243978744695,-0.20906898492362852,0.7110267965397035,0.9063742549825959,1.0,-0.5729124152154538,-0.6332353094381835,-0.5809175126426767,0.22722713527969782
sf36pf,0.4515336476650789,-0.47605613661379187,-0.40290293798185567,-0.5846610303872462,-0.6315083327387316,-0.162513090048339,0.35743771125630946,0.22926268412677267,-0.3245802030672906,0.37232206662740047,-0.29971194960805686,-0.09719205628395823,-0.3862591690134266,-0.07417892774065167,0.09302311268396513,0.259102255019419,-0.05187067133838583,-0.3891576852058187,-0.24985859789016107,0.23460979508660562,0.53610208417913,-0.48040699100611983,-0.5883185645455111,-0.5729124152154538,1.0,0.8719242037184153,0.9979317556004931,-0.5552019633312288
sf36pcs,0.4115020112342303,-0.39530418885883767,-0.25980229277145467,-0.429652933900901,-0.4842522935173762,-0.3122940396445355,0.20566141231106558,0.10432192443224156,-0.1748053479750091,0.2379719762456689,-0.16209046281504513,-0.09349836921647121,-0.3820453923781545,-0.010308712675928946,0.15965489961374615,0.38350778947953895,-0.036607925099648206,-0.3531405068576936,-0.2068660013579864,0.22092882733006194,0.4114336710219616,-0.524980928240168,-0.6432136878512166,-0.6332353094381835,0.8719242037184153,1.0,0.877179871985491,-0.43843755878906676
PHYFUN,0.44159958523369564,-0.470190089437385,-0.40119292141102153,-0.5777418700891133,-0.6262952848556559,-0.16292599563474905,0.36296738762395997,0.23326961377226477,-0.33092314897003533,0.37712736602188673,-0.30700894586215893,-0.09674662213773577,-0.3891430519377681,-0.0688334515016947,0.09197441093851623,0.26465301052626516,-0.046590629458216,-0.394037884652514,-0.2564865447074677,0.22672919312315074,0.5325737679167902,-0.49509999912090097,-0.6001093158403265,-0.5809175126426767,0.9979317556004931,0.877179871985491,1.0,-0.5565915753441204
HYON,-0.43712494721140505,0.6167730068529979,0.8252137084514609,0.786283935367349,0.7532973691200362,0.06833649012478103,-0.576393644557067,-0.5173791114084191,0.5060069233466987,-0.5657311792143433,0.5757635396729988,0.2792878827798241,0.3706262612180456,0.12718961584222457,-0.14768042233101256,-0.11895733468691067,0.1929250487365389,0.3482990584557413,0.3775783505631664,-0.22939396463905207,-0.87963825358866,0.20542807907778327,0.24707204654712683,0.22722713527969782,-0.5552019633312288,-0.43843755878906676,-0.5565915753441204,1.0
