Feature 1,Feature 2,Correlation
sf36pf,PHYFUN,0.9979317556004931
fss_sum,fss5,0.9063742549825959
SEON,HYON,-0.87963825358866
sf36pcs,PHYFUN,0.877179871985491
sf36pf,sf36pcs,0.8719242037184153
STROOPW,STROOPC,0.8563133884105987
UPO27,UPO15,0.8526737401441911
fss2,fss_sum,0.8267656691794352
UPO_part3_tot,HYON,0.8252137084514609
UPO_part3_tot,SEON,-0.8140844484809195
UPO27,SEON,-0.8128225225815829
UPO15,SEON,-0.8016923050552411
MMSE_tot,MCI_15SD_MDScriteria,-0.7907733066551353
UPO27,HYON,0.786283935367349
UPO15,HYON,0.7532973691200362
IQCODE_mean,MCI_15SD_MDScriteria,0.7331878752937603
STROOPC,MCI_15SD_MDScriteria,-0.7320696198888048
STROOPW,MCI_15SD_MDScriteria,-0.7116130242632899
fss2,fss5,0.7110267965397035
