,median,mean,std
PIGD,1.0,1.759387351778656,0.9068917328350885
UPO_part2_tot,8.0,8.082799408575653,4.760749784491114
UPO_part3_tot,21.0,22.799407114624508,12.35599320617296
UPO27,0.0,0.6788357178095707,1.0847416231936802
UPO15,1.0,0.8871365204534253,0.6983900417997994
UPO_part4_tot,1.0,1.756037456875308,2.023802948251075
STROOPW,72.0,70.39583333333333,20.954886355198234
MMSE_tot,29.0,27.389065817409765,3.686882688607434
IQCODE_mean,3.1153846153846154,3.266452393760086,0.3839247522235911
STROOPC,51.0,49.562197092084006,16.69866467915136
MCI_15SD_MDScriteria,0.0,0.3813186813186813,0.6537265086288161
madrs10,0.0,0.06475583864118896,0.29340402208048966
madrs_tot,2.0,4.177282377919321,4.806217632046345
npi8hi,0.0,0.12996594778660614,0.7169711189708494
pdss02,9.0,8.08572186836518,2.607121453259148
pdss_tot,120.5,118.10558510638297,18.074998851414897
epwo6,0.0,0.2064755838641189,0.5923395731134176
URINDYS,1.0,0.747903305377405,0.7728674410692196
CONSTIPAT,0.0,0.5552268244575936,0.7117363426444672
PressStand_Dia,80.0,79.26463231615809,12.176361054144914
SEON,90.0,81.07881773399015,16.324961900597785
fss2,5.0,4.718152866242038,1.8200131266523003
fss_sum,39.0,39.117303609341825,13.726446555889536
fss5,4.0,3.68895966029724,1.98610820176829
sf36pf,64.99999999999999,61.25530785562633,26.03111211901351
sf36pcs,40.34560314792799,40.37771130154998,9.541700228122867
PHYFUN,432.0,415.1475583864119,91.7244973789466
HYON,2.0,2.2489162561576355,0.80661160712753
age_at_visit,71.04731793761076,70.77349073435009,8.722764089083375
disease_duration_years,3.5222450376454484,3.791212577929281,2.563176800116155
delta_PIGD,0.0,-0.04523682810005322,0.6222510877399529
delta_UPO_part2_tot,0.0,0.14710568242166755,1.5603774383940918
delta_UPO_part3_tot,1.0,1.099521021820117,6.110989314242477
delta_UPO27,0.0,0.09037745879851143,0.6647011134450042
delta_UPO15,0.0,0.017525225703664365,0.30617247987780777
delta_UPO_part4_tot,0.0,0.16622411046202867,1.5505941155821856
delta_STROOPW,0.0,-1.051474840948525,5.822828772898342
delta_MMSE_tot,0.0,-0.24755887421022402,1.6733719356978773
delta_IQCODE_mean,0.0,0.02314575153894625,0.14473154412735814
delta_STROOPC,0.0,-0.8103850641773629,4.130205335755547
delta_MCI_15SD_MDScriteria,0.0,0.03134240094618569,0.23247937205667343
delta_madrs10,0.0,0.0017231476163124641,0.18413330777685344
delta_madrs_tot,0.0,0.15795519816197587,2.1612526062162885
delta_npi8hi,0.0,0.018427518427518427,0.5451057167544082
delta_pdss02,0.0,-0.0005743825387708214,1.2870931843877471
delta_pdss_tot,0.0,-0.10305123776626367,7.454143754836291
delta_epwo6,0.0,0.015508328546812177,0.3274608646699107
delta_URINDYS,0.0,0.014354066985645933,0.3378691363431872
delta_CONSTIPAT,0.0,0.0037194473963868225,0.3236011188801279
delta_PressStand_Dia,0.0,-0.5409924487594391,8.345817097135022
delta_SEON,0.0,-1.8232484076433122,8.274118793291162
delta_fss2,0.0,0.05571510626076967,0.896864152084728
delta_fss_sum,0.0,0.4784606547960942,5.85804007250919
delta_fss5,0.0,0.05571510626076967,0.9320585407508545
delta_sf36pf,0.0,-1.9270534175761056,9.586560749419853
delta_sf36pcs,0.0,-0.6285606253676501,3.9801593696278696
delta_PHYFUN,0.0,-6.677197013210798,33.98308051566474
delta_HYON,0.0,0.08678343949044585,0.4500197125813447
delta_age_at_visit,0.5010266940451729,0.5132525638286896,0.14401912882475099
delta_disease_duration_years,0.5010266940451745,0.5132525638286896,0.14401912882475112
